tweet,likes,time
"Podem proibir o #Lula22 na ordem do privado, mas jamais poder√£o proibir o #ForaBolsonaro na ordem p√∫blica. O povo clama!

F O R A   B O L S O N A R O",0,2022-03-28 18:58:06+00:00
RT @ErikakHilton: O presidente t√° bravo e n√£o quer voc√™ compartilhando essa imagem! @fresnorock no #Lollapalooza2022 #CensuraNuncaMais #For‚Ä¶,0,2022-03-28 18:04:43+00:00
"Aos ""amigos"" que n√£o sabem separar pol√≠tica de amizade, t√° tudo bem tamb√©m. Continuo tendo provas por A mais B que minha intui√ß√£o nunca falhou mesmo. ü§∑üèæ‚Äç‚ôÇÔ∏èüòÇ
#ForaBolsonaro",0,2022-03-28 17:46:26+00:00
"Putz, tudo no governo B*lsonaro √© p remediar merdas (e s√£o muitas). Nada √© pensando no povo.
Valor de aux√≠lio, compra de vacina, demiss√£o de ministro corrupto, dentre v√°rias outras coisas. Tudo depois de muita press√£o!
P depois o gado aparecer dizendo ""t√° vendo!?"".
#ForaBolsonaro",1,2022-03-28 17:35:58+00:00
RT @ErikakHilton: Usar recurso p√∫blico para auto-promo√ß√£o √© crime! Este governo Bolsonaro √© corrupto de ponta a ponta! #ForaBolsonaro #Bols‚Ä¶,0,2022-03-28 16:56:04+00:00
"Fui elogiar os feitos de @Anitta e logo chegaram os bolsominions pra dizer que ela fez com a b.nd@. 
Fico me questionando, essa menina fez o que fez com a b.nd@, imagina se ela tivesse os poderes do presidente?
#anitapresidenta #anitta¬† #Envolver #ForaBolsonaro https://t.co/SbzRNWQPxl",3,2022-03-28 14:51:19+00:00
RT @paolla: √â proibido proibir! #ForaBolsonaro,0,2022-03-28 13:32:59+00:00
RT @fabiofelixdf: E a banda Fresno abriu os trabalhos contra a censura do TSE  #ForaBolsonaro https://t.co/WigEwbwoF0,0,2022-03-28 12:18:55+00:00
"Vamos l√° galera, Jovens, fazer esse t√≠tulo de eleitor e acabar com a farra desses minions fdps #ForaBolsonaro",3,2022-03-28 09:31:58+00:00
"F O R A
B O L S O N A R O!!!!!

F O R A 
G E N O C I D A!!!!!

F    O    R    A  !!!!!!!!!

(LULA 2022!!!) #ForaBolsonaro #ForaGenocida #LULA2022 https://t.co/qxCqj1RaEI",0,2022-03-28 07:16:26+00:00
"RT @gloriagroove: ‚ÄúSer√° que a gente voltou no tempo? Ser√° que eles querem censurar a gente? CENSURA? N√£o!!!!!!!!!!!!!!‚Äù

#FORABOLSONARO üó£",0,2022-03-28 05:00:46+00:00
RT @paolla: √â proibido proibir! #ForaBolsonaro,0,2022-03-28 04:09:05+00:00
RT @paolla: √â proibido proibir! #ForaBolsonaro,0,2022-03-28 03:56:42+00:00
RT @paolla: √â proibido proibir! #ForaBolsonaro,0,2022-03-28 03:46:00+00:00
"RT @pinkbloc_: Bolsonaro t√° bravo, N√ÉO DIVULGUEM o show do Fresno! #ForaBolsonaro https://t.co/kHBHZaI8O6",0,2022-03-28 03:41:38+00:00
RT @paolla: √â proibido proibir! #ForaBolsonaro,0,2022-03-28 02:49:46+00:00
"RT @taliriapetrone: Esse √© um dos v√≠deos que Bolsonaro n√£o quer que as pessoas vejam. A Pabllo Vittar, maior drag queen do mundo, mandando‚Ä¶",0,2022-03-28 02:27:22+00:00
Marcelo D2 #ForaBolsonaro  Conhe√ßa Ivy Denali e venha se apaixonar por essa b... https://t.co/Z9eRDKqZQ8 https://t.co/Qi4qZmcVSH,0,2022-03-28 02:22:57+00:00
@Biakicis @jairbolsonaro @Anitta Esse governo √© uma B! #ForaBolsonaro https://t.co/gZSNa6a71d,2,2022-03-28 02:19:07+00:00
"RT @fabiofelixdf: E o Djonga desceu e abriu uma roda no meio da galera pra mandar um #ForaBolsonaro 

#DjongaNoCanalBis #lollapaloozaBR htt‚Ä¶",0,2022-03-28 01:55:21+00:00
"RT @GodoiIoli: N√£o a censura! 
#ForaBolsonaro #LULApalooza https://t.co/9DahnuGOD7",0,2022-03-28 01:52:26+00:00
RT @paolla: √â proibido proibir! #ForaBolsonaro,0,2022-03-28 01:35:12+00:00
RT @Guerreiracomun1: S√©rio? Q tem gente mascando goma pq a Anita disse q 50 mil ela gasta numa bolsa em ironia a multa por gritar #ForaBols‚Ä¶,0,2022-03-28 01:33:03+00:00
"Puta que pariu, censura a essa altura? Baita cu. #ForaBolsonaro",0,2022-03-28 01:32:26+00:00
"que del√≠cia ouvir os artistas mandando o B*lson4r* ir tomar no cu em meio √† um dos maiores festivais do mundo ü§§ü§§  

#Elei√ß√µes2022 #ForaBolsonaro up up",0,2022-03-28 01:30:21+00:00
"RT @Cintyaapr: Outra coisa: a essa altura do campeonato, n√£o d√° pra defender quem vota B*ls0n@r*. #ForaBolsonaro",0,2022-03-28 01:27:45+00:00
"Outra coisa: a essa altura do campeonato, n√£o d√° pra defender quem vota B*ls0n@r*. #ForaBolsonaro",6,2022-03-28 01:18:46+00:00
"RT @fabiofelixdf: E o Djonga desceu e abriu uma roda no meio da galera pra mandar um #ForaBolsonaro 

#DjongaNoCanalBis #lollapaloozaBR htt‚Ä¶",0,2022-03-28 00:49:54+00:00
"RT @gloriagroove: ‚ÄúSer√° que a gente voltou no tempo? Ser√° que eles querem censurar a gente? CENSURA? N√£o!!!!!!!!!!!!!!‚Äù

#FORABOLSONARO üó£",0,2022-03-28 00:29:36+00:00
"@gabrielpec01 Boa meu garoto, agora mete um gola√ßo de trivela no primeiro jogo da s√©rie B e lan√ßa um #ForaBolsonaro pra eu testar um neg√≥cio aqui.",12,2022-03-28 00:13:24+00:00
asdsad
dasdasasd
asdsadas
desdea
sd"Podem proibir o #Lula22 na ordem do privado, mas jamais poder√£o proibir o #ForaBolsonaro na ordem p√∫blica. O povo clama!

F O R A   B O L S O N A R O",0,2022-03-28 18:58:06+00:00
RT @ErikakHilton: O presidente t√° bravo e n√£o quer voc√™ compartilhando essa imagem! @fresnorock no #Lollapalooza2022 #CensuraNuncaMais #For‚Ä¶,0,2022-03-28 18:04:43+00:00
"Aos ""amigos"" que n√£o sabem separar pol√≠tica de amizade, t√° tudo bem tamb√©m. Continuo tendo provas por A mais B que minha intui√ß√£o nunca falhou mesmo. ü§∑üèæ‚Äç‚ôÇÔ∏èüòÇ
#ForaBolsonaro",0,2022-03-28 17:46:26+00:00
"Putz, tudo no governo B*lsonaro √© p remediar merdas (e s√£o muitas). Nada √© pensando no povo.
Valor de aux√≠lio, compra de vacina, demiss√£o de ministro corrupto, dentre v√°rias outras coisas. Tudo depois de muita press√£o!
P depois o gado aparecer dizendo ""t√° vendo!?"".
#ForaBolsonaro",1,2022-03-28 17:35:58+00:00
RT @ErikakHilton: Usar recurso p√∫blico para auto-promo√ß√£o √© crime! Este governo Bolsonaro √© corrupto de ponta a ponta! #ForaBolsonaro #Bols‚Ä¶,0,2022-03-28 16:56:04+00:00
"Fui elogiar os feitos de @Anitta e logo chegaram os bolsominions pra dizer que ela fez com a b.nd@. 
Fico me questionando, essa menina fez o que fez com a b.nd@, imagina se ela tivesse os poderes do presidente?
#anitapresidenta #anitta¬† #Envolver #ForaBolsonaro https://t.co/SbzRNWQPxl",3,2022-03-28 14:51:19+00:00
RT @paolla: √â proibido proibir! #ForaBolsonaro,0,2022-03-28 13:32:59+00:00
RT @fabiofelixdf: E a banda Fresno abriu os trabalhos contra a censura do TSE  #ForaBolsonaro https://t.co/WigEwbwoF0,0,2022-03-28 12:18:55+00:00
"Vamos l√° galera, Jovens, fazer esse t√≠tulo de eleitor e acabar com a farra desses minions fdps #ForaBolsonaro",3,2022-03-28 09:31:58+00:00
"F O R A
B O L S O N A R O!!!!!

F O R A 
G E N O C I D A!!!!!

F    O    R    A  !!!!!!!!!

(LULA 2022!!!) #ForaBolsonaro #ForaGenocida #LULA2022 https://t.co/qxCqj1RaEI",0,2022-03-28 07:16:26+00:00
"RT @gloriagroove: ‚ÄúSer√° que a gente voltou no tempo? Ser√° que eles querem censurar a gente? CENSURA? N√£o!!!!!!!!!!!!!!‚Äù

#FORABOLSONARO üó£",0,2022-03-28 05:00:46+00:00
RT @paolla: √â proibido proibir! #ForaBolsonaro,0,2022-03-28 04:09:05+00:00
RT @paolla: √â proibido proibir! #ForaBolsonaro,0,2022-03-28 03:56:42+00:00
RT @paolla: √â proibido proibir! #ForaBolsonaro,0,2022-03-28 03:46:00+00:00
"RT @pinkbloc_: Bolsonaro t√° bravo, N√ÉO DIVULGUEM o show do Fresno! #ForaBolsonaro https://t.co/kHBHZaI8O6",0,2022-03-28 03:41:38+00:00
RT @paolla: √â proibido proibir! #ForaBolsonaro,0,2022-03-28 02:49:46+00:00
"RT @taliriapetrone: Esse √© um dos v√≠deos que Bolsonaro n√£o quer que as pessoas vejam. A Pabllo Vittar, maior drag queen do mundo, mandando‚Ä¶",0,2022-03-28 02:27:22+00:00
Marcelo D2 #ForaBolsonaro  Conhe√ßa Ivy Denali e venha se apaixonar por essa b... https://t.co/Z9eRDKqZQ8 https://t.co/Qi4qZmcVSH,0,2022-03-28 02:22:57+00:00
@Biakicis @jairbolsonaro @Anitta Esse governo √© uma B! #ForaBolsonaro https://t.co/gZSNa6a71d,2,2022-03-28 02:19:07+00:00
"RT @fabiofelixdf: E o Djonga desceu e abriu uma roda no meio da galera pra mandar um #ForaBolsonaro 

#DjongaNoCanalBis #lollapaloozaBR htt‚Ä¶",0,2022-03-28 01:55:21+00:00
"RT @GodoiIoli: N√£o a censura! 
#ForaBolsonaro #LULApalooza https://t.co/9DahnuGOD7",0,2022-03-28 01:52:26+00:00
RT @paolla: √â proibido proibir! #ForaBolsonaro,0,2022-03-28 01:35:12+00:00
RT @Guerreiracomun1: S√©rio? Q tem gente mascando goma pq a Anita disse q 50 mil ela gasta numa bolsa em ironia a multa por gritar #ForaBols‚Ä¶,0,2022-03-28 01:33:03+00:00
"Puta que pariu, censura a essa altura? Baita cu. #ForaBolsonaro",0,2022-03-28 01:32:26+00:00
"que del√≠cia ouvir os artistas mandando o B*lson4r* ir tomar no cu em meio √† um dos maiores festivais do mundo ü§§ü§§  

#Elei√ß√µes2022 #ForaBolsonaro up up",0,2022-03-28 01:30:21+00:00
"RT @Cintyaapr: Outra coisa: a essa altura do campeonato, n√£o d√° pra defender quem vota B*ls0n@r*. #ForaBolsonaro",0,2022-03-28 01:27:45+00:00
"Outra coisa: a essa altura do campeonato, n√£o d√° pra defender quem vota B*ls0n@r*. #ForaBolsonaro",6,2022-03-28 01:18:46+00:00
"RT @fabiofelixdf: E o Djonga desceu e abriu uma roda no meio da galera pra mandar um #ForaBolsonaro 

#DjongaNoCanalBis #lollapaloozaBR htt‚Ä¶",0,2022-03-28 00:49:54+00:00
"RT @gloriagroove: ‚ÄúSer√° que a gente voltou no tempo? Ser√° que eles querem censurar a gente? CENSURA? N√£o!!!!!!!!!!!!!!‚Äù

#FORABOLSONARO üó£",0,2022-03-28 00:29:36+00:00
"@gabrielpec01 Boa meu garoto, agora mete um gola√ßo de trivela no primeiro jogo da s√©rie B e lan√ßa um #ForaBolsonaro pra eu testar um neg√≥cio aqui.",12,2022-03-28 00:13:24+00:00
